{
  "threshold": 0.09535688906908035,
  "f2_score": 0.999189298743413
}